{
    "sportsData":[
        "Badminton", 
        "Basketball", 
        "Cricket",
        "Football", 
        "Golf", 
        "Gymnastics",
        "Hockey", 
        "Rugby", 
        "Snooker", 
        "Tennis" 
    ],
   
    "booksData":[
        { "BookName": "Support Vector Machines Succinctly", "BookID": "BOOK1" }, { "BookName": "Scala Succinctly", "BookID": "BOOK2" },
        { "BookName": "Application Security in .NET Succinctly", "BookID": "BOOK3" },
        { "BookName": "ASP.NET WebHooks Succinctly", "BookID": "BOOK4" },
        { "BookName": "Xamarin.Forms Succinctly", "BookID": "BOOK5" }, { "BookName": "Asynchronous Programming Succinctly", "BookID": "BOOK6" },
        { "BookName": "Java Succinctly Part 2", "BookID": "BOOK7" }, { "BookName": "Java Succinctly Part 1", "BookID": "BOOK8" },
        { "BookName": "PHP Succinctly", "BookID": "BOOK9" }, { "BookName": "Bing Maps V8 Succinctly", "BookID": "BOOK10" },
        { "BookName": "WPF Debugging and Performance Succinctly", "BookID": "BOOK11" },
        { "BookName": "Go Web Development Succinctly", "BookID": "BOOK12" },
        { "BookName": "Go Succinctly", "BookID": "BOOK13" }, { "BookName": "More UWP Succinctly", "BookID": "BOOK14" },
        { "BookName": "UWP Succinctly", "BookID": "BOOK15" }, { "BookName": "LINQPad Succinctly", "BookID": "BOOK16" },
        { "BookName": "MongoDB 3 Succinctly", "BookID": "BOOK17" }, { "BookName": "R Programming Succinctly", "BookID": "BOOK18" },
        { "BookName": "Azure Cosmos DB and DocumentDB Succinctly", "BookID": "BOOK19" },
        { "BookName": "Unity Game Development Succinctly", "BookID": "BOOK20" },
        { "BookName": "Aurelia Succinctly", "BookID": "BOOK21" }, { "BookName": "Microsoft Bot Framework Succinctly", "BookID": "BOOK22" },
        { "BookName": "ASP.NET Core Succinctly", "BookID": "BOOK23" }, { "BookName": "Twilio with C# Succinctly", "BookID": "BOOK24" },
        { "BookName": "Angular 2 Succinctly", "BookID": "BOOK25" }, { "BookName": "Visual Studio 2017 Succinctly", "BookID": "BOOK26" },
        { "BookName": "Camtasia Succinctly", "BookID": "BOOK27" }, { "BookName": "SQL Queries Succinctly", "BookID": "BOOK28" },
        { "BookName": "Keystone.js Succinctly", "BookID": "BOOK29" }, { "BookName": "Groovy Succinctly", "BookID": "BOOK30" },
        { "BookName": "SQL Server for C# Developers Succinctly", "BookID": "BOOK31" },
        { "BookName": "Ubuntu Server Succinctly", "BookID": "BOOK32" },
        { "BookName": "Statistics Fundamentals Succinctly", "BookID": "BOOK33" }, { "BookName": ".NET Core Succinctly", "BookID": "BOOK34" },
        { "BookName": "SOLID Principles Succinctly", "BookID": "BOOK35" }, { "BookName": "Node.js Succinctly", "BookID": "BOOK36" },
        { "BookName": "Customer Success for C# Developers Succinctly", "BookID": "BOOK37" },
        { "BookName": "Data Capture and Extraction with C# Succinctly", "BookID": "BOOK38" },
        { "BookName": "Hadoop Succinctly", "BookID": "BOOK39" }, { "BookName": "SciPy Programming Succinctly", "BookID": "BOOK40" },
        { "BookName": "Hive Succinctly", "BookID": "BOOK41" }, { "BookName": "React.js Succinctly", "BookID": "BOOK42" },
        { "BookName": "ECMAScript 6 Succinctly", "BookID": "BOOK43" }, { "BookName": "GitHub Succinctly", "BookID": "BOOK44" },
        { "BookName": "Gulp Succinctly", "BookID": "BOOK45" }, { "BookName": "Visual Studio Code Succinctly", "BookID": "BOOK46" },
        { "BookName": "Object-Oriented Programming in C# Succinctly", "BookID": "BOOK47" },
        { "BookName": "C# Code Contracts Succinctly", "BookID": "BOOK48" },
        { "BookName": "Leaflet.js Succinctly", "BookID": "BOOK49" }, { "BookName": "Delphi Succinctly", "BookID": "BOOK50" },
        { "BookName": "SQL on Azure Succinctly", "BookID": "BOOK51" }, { "BookName": "Web Servers Succinctly", "BookID": "BOOK52" },
        { "BookName": "ASP.NET Multitenant Applications Succinctly", "BookID": "BOOK53" },
        { "BookName": "ASP.NET MVC Succinctly", "BookID": "BOOK54" },
        { "BookName": "Windows Azure Websites Succinctly", "BookID": "BOOK55" },
        { "BookName": "Localization for .NET Succinctly", "BookID": "BOOK56" },
        { "BookName": "ASP.NET Web API Succinctly", "BookID": "BOOK57" },
        { "BookName": "ASP.NET MVC 4 Mobile Websites Succinctly", "BookID": "BOOK58" },
        { "BookName": "jQuery Succinctly", "BookID": "BOOK59" }, { "BookName": "JavaScript Succinctly", "BookID": "BOOK60" }
    ],
    "countries":[
        { "Name": "Australia", "Code": "AU" },
        { "Name": "Bermuda", "Code": "BM" },
        { "Name": "Canada", "Code": "CA" },
        { "Name": "Cameroon", "Code": "CM" },
        { "Name": "Denmark", "Code": "DK" },
        { "Name": "France", "Code": "FR" },
        { "Name": "Finland", "Code": "FI" },
        { "Name": "Germany", "Code": "DE" },
        { "Name": "Greenland", "Code": "GL" },
        { "Name": "Hong Kong", "Code": "HK" },
        { "Name": "India", "Code": "IN" },
        { "Name": "Italy", "Code": "IT" },
        { "Name": "Japan", "Code": "JP" },
        { "Name": "Mexico", "Code": "MX" },
        { "Name": "Norway", "Code": "NO" },
        { "Name": "Poland", "Code": "PL" },
        { "Name": "Switzerland", "Code": "CH" },
        { "Name": "United Kingdom", "Code": "GB" },
        { "Name": "United States", "Code": "US" }
    ],
    "dataAuto":[
        "Águilas",
        "Ajedrez",
        "Ala Delta",
        "Álbumes de Música",
        "Alusivos",
        "Análisis de Escritura a Mano",
        "Dyarbakır",
        "Derepazarı ",
        "Gülümsemek ",
        "Teşekkürler",
        "Güle güle.",
        "Gülhatmi",
        "Gülünç"
    ],
    "vegetableData":[
        { "Vegetable": "Cabbage", "Category": "Leafy and Salad", "Id": "item1" },
        { "Vegetable": "Chickpea", "Category": "Beans", "Id": "item2" },
        { "Vegetable": "Garlic", "Category": "Bulb and Stem", "Id": "item3" },
        { "Vegetable": "Green bean", "Category": "Beans", "Id": "item4" },
        { "Vegetable": "Horse gram", "Category": "Beans", "Id": "item5" },
        { "Vegetable": "Nopal", "Category": "Bulb and Stem", "Id": "item6" },
        { "Vegetable": "Onion", "Category": "Bulb and Stem", "Id": "item7" },
        { "Vegetable": "Pumpkins", "Category": "Leafy and Salad", "Id": "item8" },
        { "Vegetable": "Spinach", "Category": "Leafy and Salad", "Id": "item9" },
        { "Vegetable": "Wheat grass", "Category": "Leafy and Salad", "Id": "item10" },
        { "Vegetable": "Yarrow", "Category": "Leafy and Salad", "Id": "item11" }
    ],
    "socialMedia":[
        { "Class": "facebook", "SocialMedia": "Facebook", "Id": "media1" },
        { "Class": "google-plus", "SocialMedia": "Google Plus", "Id": "media2" },
        { "Class": "instagram", "SocialMedia": "Instagram", "Id": "media3" },
        { "Class": "linkedin", "SocialMedia": "LinkedIn", "Id": "media4" },
        { "Class": "skype", "SocialMedia": "Skype", "Id": "media5" },
        { "Class": "tumblr", "SocialMedia": "Tumblr", "Id": "media6" },
        { "Class": "twitter", "SocialMedia": "Twitter", "Id": "media7" },
        { "Class": "vimeo", "SocialMedia": "Vimeo", "Id": "media8" },
        { "Class": "whatsapp", "SocialMedia": "WhatsApp", "Id": "media9" },
        { "Class": "youtube", "SocialMedia": "YouTube", "Id": "media10" }
    ],
    "empList":[
        { "Name": "Andrew Fuller", "Eimg": "7", "Designation": "Team Lead", "Country": "England" },
        { "Name": "Anne Dodsworth", "Eimg": "1", "Designation": "Developer", "Country": "USA" },
        { "Name": "Janet Leverling", "Eimg": "3", "Designation": "HR", "Country": "USA" },
        { "Name": "Laura Callahan", "Eimg": "2", "Designation": "Product Manager", "Country": "USA" },
        { "Name": "Margaret Peacock", "Eimg": "6", "Designation": "Developer", "Country": "USA" },
        { "Name": "Michael Suyama", "Eimg": "9", "Designation": "Team Lead", "Country": "USA" },
        { "Name": "Nancy Davolio", "Eimg": "4", "Designation": "Product Manager", "Country": "USA" },
        { "Name": "Robert King", "Eimg": "8", "Designation": "Developer ", "Country": "England" },
        { "Name": "Steven Buchanan", "Eimg": "10", "Designation": "CEO", "Country": "England" }
    ]
}